[
  {
    "model": "admin.logentry",
    "pk": 1,
    "fields": {
      "action_time": "2021-07-11T09:10:56.703Z",
      "user": 1,
      "content_type": 15,
      "object_id": "1",
      "object_repr": "Тест меню, 10 days, Быстрая доставка",
      "action_flag": 1,
      "change_message": "[{\"added\": {}}]"
    }
  },
  {
    "model": "admin.logentry",
    "pk": 2,
    "fields": {
      "action_time": "2021-07-11T09:13:59.997Z",
      "user": 1,
      "content_type": 7,
      "object_id": "1",
      "object_repr": "Тест имя Тест фамилия",
      "action_flag": 1,
      "change_message": "[{\"added\": {}}]"
    }
  },
  {
    "model": "admin.logentry",
    "pk": 3,
    "fields": {
      "action_time": "2021-07-11T09:14:34.197Z",
      "user": 1,
      "content_type": 16,
      "object_id": "1",
      "object_repr": "Тест имя Тест фамилия, Тест меню, 10 days, Быстрая доставка",
      "action_flag": 1,
      "change_message": "[{\"added\": {}}]"
    }
  },
  {
    "model": "admin.logentry",
    "pk": 4,
    "fields": {
      "action_time": "2021-07-11T10:27:40.336Z",
      "user": 1,
      "content_type": 15,
      "object_id": "1",
      "object_repr": "Тест меню, 10 days, Быстрая доставка",
      "action_flag": 3,
      "change_message": ""
    }
  },
  {
    "model": "admin.logentry",
    "pk": 5,
    "fields": {
      "action_time": "2021-07-11T10:27:47.486Z",
      "user": 1,
      "content_type": 16,
      "object_id": "1",
      "object_repr": "Тест имя Тест фамилия, None",
      "action_flag": 3,
      "change_message": ""
    }
  },
  {
    "model": "admin.logentry",
    "pk": 6,
    "fields": {
      "action_time": "2021-07-11T23:53:29.781Z",
      "user": 1,
      "content_type": 15,
      "object_id": "2",
      "object_repr": "Тест меню, 10 days, Быстрая доставка",
      "action_flag": 1,
      "change_message": "[{\"added\": {}}]"
    }
  },
  {
    "model": "admin.logentry",
    "pk": 7,
    "fields": {
      "action_time": "2021-07-11T23:54:37.515Z",
      "user": 1,
      "content_type": 15,
      "object_id": "2",
      "object_repr": "Тест меню, 10 days, Быстрая доставка",
      "action_flag": 2,
      "change_message": "[]"
    }
  },
  {
    "model": "admin.logentry",
    "pk": 8,
    "fields": {
      "action_time": "2021-07-11T23:55:27.538Z",
      "user": 1,
      "content_type": 16,
      "object_id": "2",
      "object_repr": "Тест имя Тест фамилия, Тест меню, 10 days, Быстрая доставка",
      "action_flag": 1,
      "change_message": "[{\"added\": {}}]"
    }
  },
  {
    "model": "admin.logentry",
    "pk": 9,
    "fields": {
      "action_time": "2021-07-13T10:56:02.116Z",
      "user": 2,
      "content_type": 15,
      "object_id": "2",
      "object_repr": "Тест меню, 10 days, Быстрая доставка",
      "action_flag": 2,
      "change_message": "[{\"changed\": {\"fields\": [\"Weekdays only\"]}}]"
    }
  },
  {
    "model": "admin.logentry",
    "pk": 10,
    "fields": {
      "action_time": "2021-07-13T10:56:15.680Z",
      "user": 2,
      "content_type": 15,
      "object_id": "1",
      "object_repr": "Тест меню, 7 days, Быстрая доставка",
      "action_flag": 3,
      "change_message": ""
    }
  },
  {
    "model": "admin.logentry",
    "pk": 11,
    "fields": {
      "action_time": "2021-07-13T10:56:27.607Z",
      "user": 2,
      "content_type": 16,
      "object_id": "1",
      "object_repr": "Тест имя Тест фамилия, None",
      "action_flag": 3,
      "change_message": ""
    }
  },
  {
    "model": "admin.logentry",
    "pk": 12,
    "fields": {
      "action_time": "2021-07-13T10:57:12.437Z",
      "user": 2,
      "content_type": 7,
      "object_id": "2",
      "object_repr": "Саша Озеров",
      "action_flag": 1,
      "change_message": "[{\"added\": {}}]"
    }
  },
  {
    "model": "auth.permission",
    "pk": 1,
    "fields": {
      "name": "Can add log entry",
      "content_type": 1,
      "codename": "add_logentry"
    }
  },
  {
    "model": "auth.permission",
    "pk": 2,
    "fields": {
      "name": "Can change log entry",
      "content_type": 1,
      "codename": "change_logentry"
    }
  },
  {
    "model": "auth.permission",
    "pk": 3,
    "fields": {
      "name": "Can delete log entry",
      "content_type": 1,
      "codename": "delete_logentry"
    }
  },
  {
    "model": "auth.permission",
    "pk": 4,
    "fields": {
      "name": "Can view log entry",
      "content_type": 1,
      "codename": "view_logentry"
    }
  },
  {
    "model": "auth.permission",
    "pk": 5,
    "fields": {
      "name": "Can add permission",
      "content_type": 2,
      "codename": "add_permission"
    }
  },
  {
    "model": "auth.permission",
    "pk": 6,
    "fields": {
      "name": "Can change permission",
      "content_type": 2,
      "codename": "change_permission"
    }
  },
  {
    "model": "auth.permission",
    "pk": 7,
    "fields": {
      "name": "Can delete permission",
      "content_type": 2,
      "codename": "delete_permission"
    }
  },
  {
    "model": "auth.permission",
    "pk": 8,
    "fields": {
      "name": "Can view permission",
      "content_type": 2,
      "codename": "view_permission"
    }
  },
  {
    "model": "auth.permission",
    "pk": 9,
    "fields": {
      "name": "Can add group",
      "content_type": 3,
      "codename": "add_group"
    }
  },
  {
    "model": "auth.permission",
    "pk": 10,
    "fields": {
      "name": "Can change group",
      "content_type": 3,
      "codename": "change_group"
    }
  },
  {
    "model": "auth.permission",
    "pk": 11,
    "fields": {
      "name": "Can delete group",
      "content_type": 3,
      "codename": "delete_group"
    }
  },
  {
    "model": "auth.permission",
    "pk": 12,
    "fields": {
      "name": "Can view group",
      "content_type": 3,
      "codename": "view_group"
    }
  },
  {
    "model": "auth.permission",
    "pk": 13,
    "fields": {
      "name": "Can add user",
      "content_type": 4,
      "codename": "add_user"
    }
  },
  {
    "model": "auth.permission",
    "pk": 14,
    "fields": {
      "name": "Can change user",
      "content_type": 4,
      "codename": "change_user"
    }
  },
  {
    "model": "auth.permission",
    "pk": 15,
    "fields": {
      "name": "Can delete user",
      "content_type": 4,
      "codename": "delete_user"
    }
  },
  {
    "model": "auth.permission",
    "pk": 16,
    "fields": {
      "name": "Can view user",
      "content_type": 4,
      "codename": "view_user"
    }
  },
  {
    "model": "auth.permission",
    "pk": 17,
    "fields": {
      "name": "Can add content type",
      "content_type": 5,
      "codename": "add_contenttype"
    }
  },
  {
    "model": "auth.permission",
    "pk": 18,
    "fields": {
      "name": "Can change content type",
      "content_type": 5,
      "codename": "change_contenttype"
    }
  },
  {
    "model": "auth.permission",
    "pk": 19,
    "fields": {
      "name": "Can delete content type",
      "content_type": 5,
      "codename": "delete_contenttype"
    }
  },
  {
    "model": "auth.permission",
    "pk": 20,
    "fields": {
      "name": "Can view content type",
      "content_type": 5,
      "codename": "view_contenttype"
    }
  },
  {
    "model": "auth.permission",
    "pk": 21,
    "fields": {
      "name": "Can add session",
      "content_type": 6,
      "codename": "add_session"
    }
  },
  {
    "model": "auth.permission",
    "pk": 22,
    "fields": {
      "name": "Can change session",
      "content_type": 6,
      "codename": "change_session"
    }
  },
  {
    "model": "auth.permission",
    "pk": 23,
    "fields": {
      "name": "Can delete session",
      "content_type": 6,
      "codename": "delete_session"
    }
  },
  {
    "model": "auth.permission",
    "pk": 24,
    "fields": {
      "name": "Can view session",
      "content_type": 6,
      "codename": "view_session"
    }
  },
  {
    "model": "auth.permission",
    "pk": 25,
    "fields": {
      "name": "Can add client",
      "content_type": 7,
      "codename": "add_client"
    }
  },
  {
    "model": "auth.permission",
    "pk": 26,
    "fields": {
      "name": "Can change client",
      "content_type": 7,
      "codename": "change_client"
    }
  },
  {
    "model": "auth.permission",
    "pk": 27,
    "fields": {
      "name": "Can delete client",
      "content_type": 7,
      "codename": "delete_client"
    }
  },
  {
    "model": "auth.permission",
    "pk": 28,
    "fields": {
      "name": "Can view client",
      "content_type": 7,
      "codename": "view_client"
    }
  },
  {
    "model": "auth.permission",
    "pk": 29,
    "fields": {
      "name": "Can add delivery vendor",
      "content_type": 8,
      "codename": "add_deliveryvendor"
    }
  },
  {
    "model": "auth.permission",
    "pk": 30,
    "fields": {
      "name": "Can change delivery vendor",
      "content_type": 8,
      "codename": "change_deliveryvendor"
    }
  },
  {
    "model": "auth.permission",
    "pk": 31,
    "fields": {
      "name": "Can delete delivery vendor",
      "content_type": 8,
      "codename": "delete_deliveryvendor"
    }
  },
  {
    "model": "auth.permission",
    "pk": 32,
    "fields": {
      "name": "Can view delivery vendor",
      "content_type": 8,
      "codename": "view_deliveryvendor"
    }
  },
  {
    "model": "auth.permission",
    "pk": 33,
    "fields": {
      "name": "Can add delivery schedule",
      "content_type": 9,
      "codename": "add_deliveryschedule"
    }
  },
  {
    "model": "auth.permission",
    "pk": 34,
    "fields": {
      "name": "Can change delivery schedule",
      "content_type": 9,
      "codename": "change_deliveryschedule"
    }
  },
  {
    "model": "auth.permission",
    "pk": 35,
    "fields": {
      "name": "Can delete delivery schedule",
      "content_type": 9,
      "codename": "delete_deliveryschedule"
    }
  },
  {
    "model": "auth.permission",
    "pk": 36,
    "fields": {
      "name": "Can view delivery schedule",
      "content_type": 9,
      "codename": "view_deliveryschedule"
    }
  },
  {
    "model": "auth.permission",
    "pk": 37,
    "fields": {
      "name": "Can add category",
      "content_type": 10,
      "codename": "add_category"
    }
  },
  {
    "model": "auth.permission",
    "pk": 38,
    "fields": {
      "name": "Can change category",
      "content_type": 10,
      "codename": "change_category"
    }
  },
  {
    "model": "auth.permission",
    "pk": 39,
    "fields": {
      "name": "Can delete category",
      "content_type": 10,
      "codename": "delete_category"
    }
  },
  {
    "model": "auth.permission",
    "pk": 40,
    "fields": {
      "name": "Can view category",
      "content_type": 10,
      "codename": "view_category"
    }
  },
  {
    "model": "auth.permission",
    "pk": 41,
    "fields": {
      "name": "Can add ingredient",
      "content_type": 11,
      "codename": "add_ingredient"
    }
  },
  {
    "model": "auth.permission",
    "pk": 42,
    "fields": {
      "name": "Can change ingredient",
      "content_type": 11,
      "codename": "change_ingredient"
    }
  },
  {
    "model": "auth.permission",
    "pk": 43,
    "fields": {
      "name": "Can delete ingredient",
      "content_type": 11,
      "codename": "delete_ingredient"
    }
  },
  {
    "model": "auth.permission",
    "pk": 44,
    "fields": {
      "name": "Can view ingredient",
      "content_type": 11,
      "codename": "view_ingredient"
    }
  },
  {
    "model": "auth.permission",
    "pk": 45,
    "fields": {
      "name": "Can add dish",
      "content_type": 12,
      "codename": "add_dish"
    }
  },
  {
    "model": "auth.permission",
    "pk": 46,
    "fields": {
      "name": "Can change dish",
      "content_type": 12,
      "codename": "change_dish"
    }
  },
  {
    "model": "auth.permission",
    "pk": 47,
    "fields": {
      "name": "Can delete dish",
      "content_type": 12,
      "codename": "delete_dish"
    }
  },
  {
    "model": "auth.permission",
    "pk": 48,
    "fields": {
      "name": "Can view dish",
      "content_type": 12,
      "codename": "view_dish"
    }
  },
  {
    "model": "auth.permission",
    "pk": 49,
    "fields": {
      "name": "Can add daily meal",
      "content_type": 13,
      "codename": "add_dailymeal"
    }
  },
  {
    "model": "auth.permission",
    "pk": 50,
    "fields": {
      "name": "Can change daily meal",
      "content_type": 13,
      "codename": "change_dailymeal"
    }
  },
  {
    "model": "auth.permission",
    "pk": 51,
    "fields": {
      "name": "Can delete daily meal",
      "content_type": 13,
      "codename": "delete_dailymeal"
    }
  },
  {
    "model": "auth.permission",
    "pk": 52,
    "fields": {
      "name": "Can view daily meal",
      "content_type": 13,
      "codename": "view_dailymeal"
    }
  },
  {
    "model": "auth.permission",
    "pk": 53,
    "fields": {
      "name": "Can add menu",
      "content_type": 14,
      "codename": "add_menu"
    }
  },
  {
    "model": "auth.permission",
    "pk": 54,
    "fields": {
      "name": "Can change menu",
      "content_type": 14,
      "codename": "change_menu"
    }
  },
  {
    "model": "auth.permission",
    "pk": 55,
    "fields": {
      "name": "Can delete menu",
      "content_type": 14,
      "codename": "delete_menu"
    }
  },
  {
    "model": "auth.permission",
    "pk": 56,
    "fields": {
      "name": "Can view menu",
      "content_type": 14,
      "codename": "view_menu"
    }
  },
  {
    "model": "auth.permission",
    "pk": 57,
    "fields": {
      "name": "Can add subscription",
      "content_type": 15,
      "codename": "add_subscription"
    }
  },
  {
    "model": "auth.permission",
    "pk": 58,
    "fields": {
      "name": "Can change subscription",
      "content_type": 15,
      "codename": "change_subscription"
    }
  },
  {
    "model": "auth.permission",
    "pk": 59,
    "fields": {
      "name": "Can delete subscription",
      "content_type": 15,
      "codename": "delete_subscription"
    }
  },
  {
    "model": "auth.permission",
    "pk": 60,
    "fields": {
      "name": "Can view subscription",
      "content_type": 15,
      "codename": "view_subscription"
    }
  },
  {
    "model": "auth.permission",
    "pk": 61,
    "fields": {
      "name": "Can add order",
      "content_type": 16,
      "codename": "add_order"
    }
  },
  {
    "model": "auth.permission",
    "pk": 62,
    "fields": {
      "name": "Can change order",
      "content_type": 16,
      "codename": "change_order"
    }
  },
  {
    "model": "auth.permission",
    "pk": 63,
    "fields": {
      "name": "Can delete order",
      "content_type": 16,
      "codename": "delete_order"
    }
  },
  {
    "model": "auth.permission",
    "pk": 64,
    "fields": {
      "name": "Can view order",
      "content_type": 16,
      "codename": "view_order"
    }
  },
  {
    "model": "auth.permission",
    "pk": 65,
    "fields": {
      "name": "Can add photo",
      "content_type": 17,
      "codename": "add_photo"
    }
  },
  {
    "model": "auth.permission",
    "pk": 66,
    "fields": {
      "name": "Can change photo",
      "content_type": 17,
      "codename": "change_photo"
    }
  },
  {
    "model": "auth.permission",
    "pk": 67,
    "fields": {
      "name": "Can delete photo",
      "content_type": 17,
      "codename": "delete_photo"
    }
  },
  {
    "model": "auth.permission",
    "pk": 68,
    "fields": {
      "name": "Can view photo",
      "content_type": 17,
      "codename": "view_photo"
    }
  },
  {
    "model": "auth.user",
    "pk": 1,
    "fields": {
      "password": "pbkdf2_sha256$260000$LxJoBQENEMYxf61Ho0wS74$0HmpZT+ZaKHB8c2fB/L0k2yUdfPreFk92PN1Tqr4oA0=",
      "last_login": "2021-07-11T07:27:38.865Z",
      "is_superuser": true,
      "username": "vlad",
      "first_name": "",
      "last_name": "",
      "email": "admin@admin.com",
      "is_staff": true,
      "is_active": true,
      "date_joined": "2021-07-11T07:27:16.135Z",
      "groups": [],
      "user_permissions": []
    }
  },
  {
    "model": "auth.user",
    "pk": 2,
    "fields": {
      "password": "pbkdf2_sha256$260000$tAGuihmdpfgG6ftfpx6yY4$EXrvdWudASmW7YnZp8VSW9Htp0Oq37XTqjhpNmJJAp4=",
      "last_login": "2021-07-13T10:55:27.881Z",
      "is_superuser": true,
      "username": "san_sanych",
      "first_name": "",
      "last_name": "",
      "email": "sasha.ozerov98@gmail.com",
      "is_staff": true,
      "is_active": true,
      "date_joined": "2021-07-13T10:55:18.422Z",
      "groups": [],
      "user_permissions": []
    }
  },
  {
    "model": "sessions.session",
    "pk": "pxnn1mtg27izabtk97lha72cb58j2k49",
    "fields": {
      "session_data": ".eJxVjMsOwiAQRf-FtSEMYXi4dO83kIEBqRqalHZl_Hdt0oVu7znnvkSkbW1xG2WJE4uz0OL0uyXKj9J3wHfqt1nmua_LlOSuyIMOeZ25PC-H-3fQaLRvrUCbDMpldgUQlXHkDQVtySv0UBCyZReCp1opUNKmolbE4NkGjUm8P72gNz8:1m3G4V:qeCuWt0XZoUPwHDQnofPsY23FO7HTbZfIknmJU_p8oY",
      "expire_date": "2021-07-27T10:55:27.893Z"
    }
  },
  {
    "model": "client.client",
    "pk": 1,
    "fields": {
      "user": 1,
      "first_name": "Тест имя",
      "last_name": "Тест фамилия",
      "phone_number": "+380993332211",
      "address": "Тестовый адрес",
      "gender": "Мужчина",
      "created_at": "2021-07-11T09:13:59.996Z"
    }
  },
  {
    "model": "client.client",
    "pk": 2,
    "fields": {
      "user": 2,
      "first_name": "Саша",
      "last_name": "Озеров",
      "phone_number": "0993784016",
      "address": "Чумаченко 15г",
      "gender": "Мужчина",
      "created_at": "2021-07-13T10:57:12.436Z"
    }
  },
  {
    "model": "delivery.deliveryvendor",
    "pk": 1,
    "fields": {
      "title": "Быстрая доставка",
      "description": "Компания быстрой доставки",
      "price_one_delivery": "200.00"
    }
  },
  {
    "model": "delivery.deliveryschedule",
    "pk": 3,
    "fields": {
      "delivery_vendor": 1,
      "delivery_time_start_weekday": "11:00:00",
      "delivery_time_end_weekday": "12:00:00",
      "delivery_time_start_weekend": "11:00:00",
      "delivery_time_end_weekend": "12:00:00",
      "mode": 1
    }
  },
  {
    "model": "menu.category",
    "pk": 1,
    "fields": {
      "title": "Боди меню",
      "description": "боди меню",
      "photo": null,
      "slug": "bodi-meniu"
    }
  },
  {
    "model": "menu.ingredient",
    "pk": 109,
    "fields": {
      "title": "Гречневая крупа",
      "slug": "grechnevaia-krupa"
    }
  },
  {
    "model": "menu.ingredient",
    "pk": 110,
    "fields": {
      "title": "Петрушка",
      "slug": "petrushka"
    }
  },
  {
    "model": "menu.ingredient",
    "pk": 111,
    "fields": {
      "title": "Кориандр",
      "slug": "koriandr"
    }
  },
  {
    "model": "menu.ingredient",
    "pk": 112,
    "fields": {
      "title": "Стебель сельдерея",
      "slug": "stebel-seldereia"
    }
  },
  {
    "model": "menu.ingredient",
    "pk": 113,
    "fields": {
      "title": "Лимон",
      "slug": "limon"
    }
  },
  {
    "model": "menu.ingredient",
    "pk": 114,
    "fields": {
      "title": "Оливковое масло",
      "slug": "olivkovoe-maslo"
    }
  },
  {
    "model": "menu.ingredient",
    "pk": 115,
    "fields": {
      "title": "Соевый соус",
      "slug": "soevyi-sous"
    }
  },
  {
    "model": "menu.ingredient",
    "pk": 116,
    "fields": {
      "title": "Авокадо",
      "slug": "avokado"
    }
  },
  {
    "model": "menu.ingredient",
    "pk": 117,
    "fields": {
      "title": "Вяленые помидоры",
      "slug": "vialenye-pomidory"
    }
  },
  {
    "model": "menu.ingredient",
    "pk": 118,
    "fields": {
      "title": "Лимонный сок",
      "slug": "limonnyi-sok"
    }
  },
  {
    "model": "menu.ingredient",
    "pk": 119,
    "fields": {
      "title": "Молотый сушеный чеснок",
      "slug": "molotyi-sushenyi-chesnok"
    }
  },
  {
    "model": "menu.ingredient",
    "pk": 120,
    "fields": {
      "title": "Ржаной хлеб",
      "slug": "rzhanoi-khleb"
    }
  },
  {
    "model": "menu.ingredient",
    "pk": 121,
    "fields": {
      "title": "Перепелиное яйцо",
      "slug": "perepelinoe-iaitso"
    }
  },
  {
    "model": "menu.ingredient",
    "pk": 122,
    "fields": {
      "title": "Редис",
      "slug": "redis"
    }
  },
  {
    "model": "menu.ingredient",
    "pk": 123,
    "fields": {
      "title": "Черные кунжутные семечки",
      "slug": "chernye-kunzhutnye-semechki"
    }
  },
  {
    "model": "menu.ingredient",
    "pk": 124,
    "fields": {
      "title": "Соль",
      "slug": "sol"
    }
  },
  {
    "model": "menu.ingredient",
    "pk": 125,
    "fields": {
      "title": "Черный перец",
      "slug": "chernyi-perets"
    }
  },
  {
    "model": "menu.ingredient",
    "pk": 126,
    "fields": {
      "title": "Тыква",
      "slug": "tykva"
    }
  },
  {
    "model": "menu.ingredient",
    "pk": 127,
    "fields": {
      "title": "Батат",
      "slug": "batat"
    }
  },
  {
    "model": "menu.ingredient",
    "pk": 128,
    "fields": {
      "title": "Корень имбиря",
      "slug": "koren-imbiria"
    }
  },
  {
    "model": "menu.ingredient",
    "pk": 129,
    "fields": {
      "title": "Чеснок",
      "slug": "chesnok"
    }
  },
  {
    "model": "menu.ingredient",
    "pk": 130,
    "fields": {
      "title": "Морковь",
      "slug": "morkov"
    }
  },
  {
    "model": "menu.ingredient",
    "pk": 131,
    "fields": {
      "title": "Кинза",
      "slug": "kinza"
    }
  },
  {
    "model": "menu.ingredient",
    "pk": 132,
    "fields": {
      "title": "Красный лук",
      "slug": "krasnyi-luk"
    }
  },
  {
    "model": "menu.ingredient",
    "pk": 133,
    "fields": {
      "title": "Сливочное масло",
      "slug": "slivochnoe-maslo"
    }
  },
  {
    "model": "menu.ingredient",
    "pk": 134,
    "fields": {
      "title": "Вустерширский соус",
      "slug": "vustershirskii-sous"
    }
  },
  {
    "model": "menu.ingredient",
    "pk": 135,
    "fields": {
      "title": "Вырезка",
      "slug": "vyrezka"
    }
  },
  {
    "model": "menu.ingredient",
    "pk": 136,
    "fields": {
      "title": "Белокочанная капуста ",
      "slug": "belokochannaia-kapusta"
    }
  },
  {
    "model": "menu.ingredient",
    "pk": 137,
    "fields": {
      "title": "Помидор",
      "slug": "pomidor"
    }
  },
  {
    "model": "menu.ingredient",
    "pk": 138,
    "fields": {
      "title": "Огурец",
      "slug": "ogurets"
    }
  },
  {
    "model": "menu.ingredient",
    "pk": 139,
    "fields": {
      "title": "Кешью",
      "slug": "keshiu"
    }
  },
  {
    "model": "menu.ingredient",
    "pk": 140,
    "fields": {
      "title": "Шпинат",
      "slug": "shpinat"
    }
  },
  {
    "model": "menu.ingredient",
    "pk": 141,
    "fields": {
      "title": "Салатные листья",
      "slug": "salatnye-listia"
    }
  },
  {
    "model": "menu.ingredient",
    "pk": 142,
    "fields": {
      "title": "Манго",
      "slug": "mango"
    }
  },
  {
    "model": "menu.ingredient",
    "pk": 143,
    "fields": {
      "title": "Салат радиккьо",
      "slug": "salat-radikko"
    }
  },
  {
    "model": "menu.ingredient",
    "pk": 144,
    "fields": {
      "title": "Растительное масло",
      "slug": "rastitelnoe-maslo"
    }
  },
  {
    "model": "menu.ingredient",
    "pk": 145,
    "fields": {
      "title": "Свежий имбирь",
      "slug": "svezhii-imbir"
    }
  },
  {
    "model": "menu.ingredient",
    "pk": 146,
    "fields": {
      "title": "Коричневый сахар",
      "slug": "korichnevyi-sakhar"
    }
  },
  {
    "model": "menu.ingredient",
    "pk": 147,
    "fields": {
      "title": "Сок лайма",
      "slug": "sok-laima"
    }
  },
  {
    "model": "menu.ingredient",
    "pk": 148,
    "fields": {
      "title": "Рыбный соус",
      "slug": "rybnyi-sous"
    }
  },
  {
    "model": "menu.ingredient",
    "pk": 149,
    "fields": {
      "title": "Порошок чесночный",
      "slug": "poroshok-chesnochnyi"
    }
  },
  {
    "model": "menu.ingredient",
    "pk": 150,
    "fields": {
      "title": "Кунжутное масло",
      "slug": "kunzhutnoe-maslo"
    }
  },
  {
    "model": "menu.ingredient",
    "pk": 151,
    "fields": {
      "title": "Паста самбал оелек",
      "slug": "pasta-sambal-oelek"
    }
  },
  {
    "model": "menu.ingredient",
    "pk": 152,
    "fields": {
      "title": "Сахар",
      "slug": "sakhar"
    }
  },
  {
    "model": "menu.ingredient",
    "pk": 153,
    "fields": {
      "title": "Мед",
      "slug": "med"
    }
  },
  {
    "model": "menu.ingredient",
    "pk": 154,
    "fields": {
      "title": "Молотый черный перец",
      "slug": "molotyi-chernyi-perets"
    }
  },
  {
    "model": "menu.ingredient",
    "pk": 155,
    "fields": {
      "title": "Камбала",
      "slug": "kambala"
    }
  },
  {
    "model": "menu.ingredient",
    "pk": 156,
    "fields": {
      "title": "Молодая капуста",
      "slug": "molodaia-kapusta"
    }
  },
  {
    "model": "menu.ingredient",
    "pk": 157,
    "fields": {
      "title": "Свекла",
      "slug": "svekla"
    }
  },
  {
    "model": "menu.ingredient",
    "pk": 158,
    "fields": {
      "title": "Лук-порей",
      "slug": "luk-porei"
    }
  },
  {
    "model": "menu.ingredient",
    "pk": 159,
    "fields": {
      "title": "Эстрагон",
      "slug": "estragon"
    }
  },
  {
    "model": "menu.ingredient",
    "pk": 160,
    "fields": {
      "title": "Творог",
      "slug": "tvorog"
    }
  },
  {
    "model": "menu.ingredient",
    "pk": 161,
    "fields": {
      "title": "Куринное яйцо",
      "slug": "kurinnoe-iaitso"
    }
  },
  {
    "model": "menu.ingredient",
    "pk": 162,
    "fields": {
      "title": "Пшеничная мука",
      "slug": "pshenichnaia-muka"
    }
  },
  {
    "model": "menu.ingredient",
    "pk": 163,
    "fields": {
      "title": "Чернослив",
      "slug": "chernosliv"
    }
  },
  {
    "model": "menu.ingredient",
    "pk": 164,
    "fields": {
      "title": "Грецкие орехи",
      "slug": "gretskie-orekhi"
    }
  },
  {
    "model": "menu.ingredient",
    "pk": 165,
    "fields": {
      "title": "Овсяные хлопья",
      "slug": "ovsianye-khlopia"
    }
  },
  {
    "model": "menu.ingredient",
    "pk": 166,
    "fields": {
      "title": "Вода",
      "slug": "voda"
    }
  },
  {
    "model": "menu.ingredient",
    "pk": 167,
    "fields": {
      "title": "Коктейль из морепродуктов",
      "slug": "kokteil-iz-moreproduktov"
    }
  },
  {
    "model": "menu.ingredient",
    "pk": 168,
    "fields": {
      "title": "Репчатый лук",
      "slug": "repchatyi-luk"
    }
  },
  {
    "model": "menu.ingredient",
    "pk": 169,
    "fields": {
      "title": "Сладкий Перец",
      "slug": "sladkii-perets"
    }
  },
  {
    "model": "menu.ingredient",
    "pk": 170,
    "fields": {
      "title": "Зелёное яблоки",
      "slug": "zelionoe-iabloki"
    }
  },
  {
    "model": "menu.ingredient",
    "pk": 171,
    "fields": {
      "title": "Куринное филе",
      "slug": "kurinnoe-file"
    }
  },
  {
    "model": "menu.dish",
    "pk": 17,
    "fields": {
      "title": "Гречневый завтрак",
      "calories": 283,
      "meal_of_the_day": 1,
      "photo": null,
      "slug": "grechnevyi-zavtrak",
      "ingredients": [
        109,
        110,
        111,
        112,
        113,
        114,
        115
      ]
    }
  },
  {
    "model": "menu.dish",
    "pk": 18,
    "fields": {
      "title": "Супертост с авокадо",
      "calories": 713,
      "meal_of_the_day": 2,
      "photo": null,
      "slug": "supertost-s-avokado",
      "ingredients": [
        114,
        116,
        117,
        118,
        119,
        120,
        121,
        122,
        123,
        124,
        125
      ]
    }
  },
  {
    "model": "menu.dish",
    "pk": 19,
    "fields": {
      "title": "Тыквенный суп с имбирем",
      "calories": 217,
      "meal_of_the_day": 3,
      "photo": null,
      "slug": "tykvennyi-sup-s-imbirem",
      "ingredients": [
        111,
        114,
        124,
        125,
        126,
        127,
        128,
        129,
        130,
        131,
        132,
        133,
        134
      ]
    }
  },
  {
    "model": "menu.dish",
    "pk": 20,
    "fields": {
      "title": "Салат с пряной говядиной и овощами",
      "calories": 1715,
      "meal_of_the_day": 4,
      "photo": null,
      "slug": "salat-s-prianoi-goviadinoi-i-ovoshchami",
      "ingredients": [
        114,
        115,
        116,
        124,
        129,
        130,
        135,
        136,
        137,
        138,
        139,
        140,
        141,
        142,
        143,
        144,
        145,
        146,
        147,
        148,
        149,
        150,
        151,
        152,
        153,
        154
      ]
    }
  },
  {
    "model": "menu.dish",
    "pk": 21,
    "fields": {
      "title": "Печеная камбала с капустой и пореем",
      "calories": 329,
      "meal_of_the_day": 5,
      "photo": null,
      "slug": "pechenaia-kambala-s-kapustoi-i-poreem",
      "ingredients": [
        113,
        114,
        129,
        155,
        156,
        157,
        158,
        159
      ]
    }
  },
  {
    "model": "menu.dish",
    "pk": 22,
    "fields": {
      "title": "Сырники из творога",
      "calories": 1029,
      "meal_of_the_day": 1,
      "photo": null,
      "slug": "syrniki-iz-tvoroga",
      "ingredients": [
        144,
        152,
        160,
        161,
        162
      ]
    }
  },
  {
    "model": "menu.dish",
    "pk": 23,
    "fields": {
      "title": "Овсяный десерт с орехами и черносливом",
      "calories": 335,
      "meal_of_the_day": 2,
      "photo": null,
      "slug": "ovsianyi-desert-s-orekhami-i-chernoslivom",
      "ingredients": [
        153,
        163,
        164,
        165,
        166
      ]
    }
  },
  {
    "model": "menu.dish",
    "pk": 24,
    "fields": {
      "title": "Томатный суп из морепродуктов",
      "calories": 132,
      "meal_of_the_day": 3,
      "photo": null,
      "slug": "tomatnyi-sup-iz-moreproduktov",
      "ingredients": [
        129,
        137,
        167,
        168,
        169
      ]
    }
  },
  {
    "model": "menu.dish",
    "pk": 25,
    "fields": {
      "title": "Салат «Газапхули»",
      "calories": 160,
      "meal_of_the_day": 4,
      "photo": null,
      "slug": "salat-gazapkhuli",
      "ingredients": [
        129,
        138,
        158,
        170
      ]
    }
  },
  {
    "model": "menu.dish",
    "pk": 26,
    "fields": {
      "title": "Паровой куриный рулет с мандаринами и черносливом",
      "calories": 185,
      "meal_of_the_day": 5,
      "photo": null,
      "slug": "parovoi-kurinyi-rulet-s-mandarinami-i-chernoslivom",
      "ingredients": [
        110,
        163,
        164,
        171
      ]
    }
  },
  {
    "model": "menu.dailymeal",
    "pk": 1,
    "fields": {
      "title": "Понедельник",
      "dish_1": 17,
      "dish_2": 18,
      "dish_3": 19,
      "dish_4": 20,
      "dish_5": 21,
      "calories": 3257
    }
  },
  {
    "model": "menu.dailymeal",
    "pk": 2,
    "fields": {
      "title": "Вторник",
      "dish_1": 22,
      "dish_2": 23,
      "dish_3": 24,
      "dish_4": 25,
      "dish_5": 26,
      "calories": 1841
    }
  },
  {
    "model": "menu.menu",
    "pk": 1,
    "fields": {
      "title": "Тест меню",
      "description": "Тест описание",
      "calories_daily": 2650,
      "category": 1,
      "photo": null,
      "slug": "test-meniu",
      "price_auto": false,
      "price_daily": "600.00",
      "price_weekly": "3000.00",
      "price_monthly": "10000.00",
      "day_1": 1,
      "day_2": 2,
      "day_3": 1,
      "day_4": 2,
      "day_5": 1,
      "day_6": 2,
      "day_7": 1
    }
  },
  {
    "model": "subscription.subscription",
    "pk": 2,
    "fields": {
      "days": 10,
      "menu": 1,
      "delivery_schedule": 3,
      "weekdays_only": 0,
      "price_menu": "6000.00",
      "price_delivery": "2000.00",
      "price_total": "8000.00"
    }
  },
  {
    "model": "subscription.order",
    "pk": 2,
    "fields": {
      "profile": 1,
      "subscription": 2,
      "data_start": "2021-07-11",
      "data_end": "2021-07-21",
      "price": "8000.00",
      "status": 1,
      "created_at": "2021-07-11T23:55:27.534Z"
    }
  }
]